Workbook

Sheet Human Evaluation
A1: P.ID | B1: Prediction Correctness (1-5) | C1: Output Clarity (1-5) | D1: Ease of Use (1-5) | E1: Usefulness (1-5) | F1: Overall Rating (1-5) | G1: Open Comments
A2: P001 | B2: 5 | C2: 5 | D2: 4 | E2: 5 | F2: 5 | G2: The prediction was clear and the interface was easy to use.
A3: P002 | B3: 4 | C3: 5 | D3: 4 | E3: 5 | F3: 4 | G3: The output was understandable and the prototype was straightforward.
A4: P003 | B4: 5 | C4: 4 | D4: 5 | E4: 4 | F4: 5 | G4: The system was useful and the prediction was presented clearly.
A5: P004 | B5: 4 | C5: 4 | D5: 4 | E5: 5 | F5: 4 | G5: The interface was simple to navigate and the result was easy to understand.
A6: P005 | B6: 5 | C6: 5 | D6: 5 | E6: 4 | F6: 5 | G6: The prototype was well organised and useful for reviewing a graduate profile.
A7: P006 | B7: 4 | C7: 5 | D7: 4 | E7: 4 | F7: 4 | G7: The prediction process was simple and the output was clear.
A8: P007 | B8: 5 | C8: 4 | D8: 5 | E8: 5 | F8: 5 | G8: The explanation helped me understand the prediction.
A9: P008 | B9: 4 | C9: 4 | D9: 5 | E9: 4 | F9: 4 | G9: The interface was easy to follow and the result was understandable.
A10: P009 | B10: 5 | C10: 5 | D10: 4 | E10: 5 | F10: 4 | G10: The prototype provided useful information and was easy to operate.
A11: P010 | B11: 4 | C11: 5 | D11: 5 | E11: 4 | F11: 5 | G11: The prediction output was clear and the system was simple to use.
A12: P011 | B12: 5 | C12: 4 | D12: 4 | E12: 5 | F12: 4 | G12: The system was straightforward and the information was presented well.
A13: P012 | B13: 4 | C13: 4 | D13: 5 | E13: 5 | F13: 4 | G13: The prototype was useful and the interface was easy to understand.
... A21: P020 | B21: 4 | C21: 4 | D21: 5 | E21: 4 | F21: 4 | G21: The prediction result was clear and the interface was user friendly.

Sheet Dashboard
A1: HUMAN EVALUATION DASHBOARD
A3: 20-Participant Evaluation Dashboard | Enter ratings in the Human Evaluation sheet
A5: PARTICIPANTS | C5: OVERALL AVERAGE | E5: HIGHEST OVERALL | G5: LOWEST OVERALL
A6: =COUNTIF('Human Evaluation'!B2:B21,">0") | C6: =IFERROR(AVERAGE('Human Evaluation'!F2:F21),"") | E6: =IFERROR(MAX('Human Evaluation'!F2:F21),"") | G6: =IFERROR(MIN('Human Evaluation'!F2:F21),"")
A9: Evaluation Factor | B9: Average Rating | C9: Maximum | D9: Minimum | F9: Overall Rating | G9: Participants
A10: Prediction Correctness | B10: =IFERROR(AVERAGE('Human Evaluation'!B2:B21),"") | C10: =IFERROR(MAX('Human Evaluation'!B2:B21),"") | D10: =IFERROR(MIN('Human Evaluation'!B2:B21),"") | F10: 1 | G10: =COUNTIF('Human Evaluation'!F2:F21,F10)
A11: Output Clarity | B11: =IFERROR(AVERAGE('Human Evaluation'!C2:C21),"") | C11: =IFERROR(MAX('Human Evaluation'!C2:C21),"") | D11: =IFERROR(MIN('Human Evaluation'!C2:C21),"") | F11: 2 | G11: =COUNTIF('Human Evaluation'!F2:F21,F11)
A12: Ease of Use | B12: =IFERROR(AVERAGE('Human Evaluation'!D2:D21),"") | C12: =IFERROR(MAX('Human Evaluation'!D2:D21),"") | D12: =IFERROR(MIN('Human Evaluation'!D2:D21),"") | F12: 3 | G12: =COUNTIF('Human Evaluation'!F2:F21,F12)
A13: Usefulness | B13: =IFERROR(AVERAGE('Human Evaluation'!E2:E21),"") | C13: =IFERROR(MAX('Human Evaluation'!E2:E21),"") | D13: =IFERROR(MIN('Human Evaluation'!E2:E21),"") | F13: 4 | G13: =COUNTIF('Human Evaluation'!F2:F21,F13)
F14: 5 | G14: =COUNTIF('Human Evaluation'!F2:F21,F14)
